url,title
https://imgur.com/NN3v9lM,"I knew he wasn't dead, spotted at Las Vegas airport.,sirejustin"
/r/pics/comments/6icraw/restoration_before_and_after/,"Restoration before and after,Horsebalm"
http://i.imgur.com/OdKaC0T.jpg,"Man looking for a wife in 1865,ghatroad"
/r/pics/comments/6i5w6q/celebrating_fathers_day_with_the_appropriate/,"Celebrating Father's day with the appropriate shirts,GallowBoob"
/r/pics/comments/6ie8vb/this_inn_went_out_of_business_but_nobody_told_the/,"This inn went out of business but nobody told the plants,9999monkeys"
http://i.imgur.com/VKx4wS3.jpg,"Our family portrait.,Chamiam"
/r/pics/comments/6i9wq8/the_sun_is_shining_as_a_huge_storm_heads_towards/,"The sun is shining as a huge storm heads towards me,coolandnormal"
/r/pics/comments/6icn6x/the_louvre_glass_entrance_has_a_blackwhite_photo/,"The Louvre glass entrance has a black/white photo on it that people try to line up with the building behind it. This is the best I could do against the photographer crowd.,bendsc"
http://i.imgur.com/BC2AjJn.jpg,"A random act of kindness,bloodylipservice"
http://i.imgur.com/CtgqgMT.jpg,"Pathway to the forest,tkmj75"
http://imgur.com/1bH2ZHP,"After coming home from surfing, I was surprised by this little guy. Reddit, meet Cooper!,CoconutWally"
/r/pics/comments/6ib215/my_9_year_old_rescue_squirrel_still_comes_to/,"My 9 year old rescue squirrel still comes to visit every day,AtticusVoid"
/r/pics/comments/6ibu1z/sometimes_i_try_to_make_the_same_face_as_my_dog/,"Sometimes I try to make the same face as my dog. I'm extremely proud of this one.,can_ya_not"
http://i.imgur.com/jafkN9r.jpg,"I Painted Alster Lake in Germany with watercolors,onewordpoet"
/r/pics/comments/6iebvi/fallen_tree_blocks_algae_going_to_other_side_of/,"Fallen tree blocks algae going to other side of the pond,tkmj75"
/r/pics/comments/6id3ek/bolivia_and_me/,"Bolivia and me ▪▫◻,glau3er"
/r/pics/comments/6icwck/til_canaries_can_be_orange_this_one_is_so_cute/,"TIL canaries can be orange. This one is so cute.,metasirena"
https://i.imgur.com/Wqpc7Ef.jpg,"Frozen Waterfall,BunyipPouch"
/r/pics/comments/6i9adv/the_main_reason_i_go_visit_my_parents/,"The main reason I go visit my parents.,pfunk77"
/r/pics/comments/6i4szp/the_real_truth_about_vaccination/,"The real truth about vaccination,TAFKAMoistowelettes"
/r/pics/comments/6icnro/the_perks_of_living_in_the_countryside/,"The perks of living in the countryside.,ScruffyKIRBY96"
https://c1.staticflickr.com/5/4281/35326061776_f595e2db6d_b.jpg,"The sky put on quite a show during my drive home last week,erikjohnsonphoto"
http://i.imgur.com/6YhtrZA.jpg,"Painted a spot near my house in watercolor,onewordpoet"
https://pbs.twimg.com/media/DCuY_XWV0AAXN0J.jpg:large,"National Guard soldier opens fire at a crowd of protesters armed only with wooden shields to protect themselves. A 17 year old was killed and six others were injured. (Caracas, Venezuela),rodgins13"
http://imgur.com/7wxRspr.jpg,"to the moon!,hakjanu2"
/r/pics/comments/6idkjh/its_good_to_see_the_traditional_ice_cream/,"It's good to see the traditional ice cream flavours are still hanging in there.,Mrdazjames"
https://imgur.com/zUU3wfl,"My girlfriends dog fell asleep in the rain.,Apocalypse_Wanderer"
/r/pics/comments/6i5y5h/in_portugal_during_the_fire/,"In Portugal, during the fire,the_train_sleeper"
/r/pics/comments/6idfed/only_in_new_york_city/,"Only in New York City,shomali11"
https://imgur.com/Be9b7Jg,"An *actual* perfectly marbled piece of meat (A5 Wagyu),chetsteve"
/r/pics/comments/6id99z/finnish_girl_playing_her_kantele_with_a_very/,"Finnish girl playing her kantele with a very Finnish background of lakes and forests,angularsucks"
/r/pics/comments/6i5f83/this_popped_up_on_my_fb_from_last_year_thought_id/,"This popped up on my FB from last year. Thought I'd share the result of 2 years of hard work :),drumanddrummer"
/r/pics/comments/6iadgb/severe_thunderstorm_from_66_miles_away/,"Severe thunderstorm from 66 miles away,Jackson530"
http://i.imgur.com/EOo3FVC.jpg,"Back streets of Japan,iam4real"
https://i.imgur.com/4A7cd5d.jpg,"Due to the lighting, angle and mirrored glass, this building looks nearly invisible,malgoya"
http://i.imgur.com/TuS1yGs.jpg,"Painted a door near my house with watercolors,onewordpoet"
/r/pics/comments/6i9ybh/petey_having_a_paddle/,"Petey having a paddle,hkh25"
http://i.imgur.com/cZ45XBM.jpg,"Waited out a downpour on the Appalachian Trail ... glad we did! [OC],DrabMeat34"
http://i.imgur.com/tVl4Sfo.jpg,"The fat cat of /u/MstrKief's friend reminded me of the pottery Maneki Neko my girlfriend made.,Squallify"
/r/pics/comments/6ic9vz/went_to_yosemite_for_the_first_time_today_i_think/,"Went to Yosemite for the first time today I think I will be returning,humanpretendbot"
/r/pics/comments/6icie9/venus_and_jupiter/,"Venus and Jupiter,Po1ar"
/r/pics/comments/6i9rlw/twin_brother_and_i_failed_miserably_at_conceiving/,"Twin brother and I failed miserably at conceiving the idea for one of those throwback childhood photo recreations.,stevefox247"
http://i.imgur.com/91Rgyzn.jpg,"Dramatic silhouette of the Chicago skyline,jjlew080"
/r/pics/comments/6ias7m/i_took_a_long_exposure_photo_with_my_drone_at/,"I took a Long Exposure Photo with my drone at sunset over Burlington Vermont,rightcoastguy"
/r/pics/comments/6ib7ue/the_saddest_most_adult_game_of_tetris_ive_ever/,"The saddest, most adult game of Tetris I've ever played.,heatmizuh"
https://pbs.twimg.com/media/DCsva6RXkAECrNt.jpg,"Peter Crouch & family :-),OktayAslantas"
http://i.imgur.com/qyMDyAF.jpg,"Insane camouflage,ArkadiusBear"
http://i.imgur.com/ba45SbN.jpg,"Sunset in New York City,tkmj75"
http://i.imgur.com/rlStQn4.jpg,"Instant karma.,Endless_Vanity"
/r/pics/comments/6i5p70/i_strolled_around_the_louvre_last_night/,"I strolled around the Louvre last night.,kavikumra"
